object_id,volume_nm_3,voxel_count,com_x_nm,com_y_nm,com_z_nm
176,6302235361.28,18352,27463.5,1399.0,21611.8
138,5251061514.24,15291,42025.6,1527.1,11676.9
303,3901465559.04,11361,20120.4,2064.4,22967.4
203,3642192035.84,10606,11740.8,2806.4,14589.3
200,3332780851.2,9705,14481.6,1527.3,20688.8
380,3305308160.0,9625,9484.3,1610.0,15688.4
159,3025086709.76,8809,12852.1,2395.3,19274.5
137,2409698426.88,7017,30705.6,2518.8,7566.8
61,2296716984.32,6688,34641.0,2461.7,8807.1
263,2150768312.32,6263,37054.5,1034.8,17548.5
76,2046715494.4,5960,14058.4,1748.6,19756.8
247,1813197619.2,5280,41641.6,2070.3,30058.4
109,1602688122.88,4667,29223.3,1790.6,5290.8
351,1559762042.88,4542,28487.1,2519.0,5126.3
116,1425145856.0,4150,3601.7,3014.2,29846.5
148,1403511111.68,4087,40071.8,1181.1,23655.2
233,1180982312.96,3439,34102.9,1211.3,15695.1
253,1155913482.24,3366,12996.0,2506.0,10028.0
214,1122602844.16,3269,12477.0,1955.0,10527.2
240,1102685143.04,3211,21612.0,1595.2,8003.5
99,1098907648.0,3200,22234.2,2137.0,5837.0
341,1092039475.2,3180,11722.9,1212.1,15140.1
385,1063879966.72,3098,29303.1,2646.7,21475.0
47,1054264524.8,3070,38343.3,1288.4,10136.5
49,1007904358.4,2935,31241.9,1931.8,25594.7
213,972876677.12,2833,39034.1,2551.0,32035.3
288,962574417.92,2803,11340.1,1250.9,11881.9
166,959140331.52,2793,25200.8,3291.0,20694.4
21,927203328.0,2700,46635.2,2187.8,27857.2
189,892519055.36,2599,17423.1,1706.9,6818.7
339,883933839.36,2574,14511.4,1812.9,7887.8
325,856461148.16,2494,5300.5,897.6,16529.8
169,852683653.12,2483,33665.3,1595.7,8415.2
113,819373015.04,2386,19049.4,1750.2,5887.4
277,815595520.0,2375,35879.0,2288.8,15591.6
10,801172357.12,2333,10498.2,996.6,16789.0
366,786749194.24,2291,8709.4,2155.1,11228.9
401,774043074.56,2254,30557.7,2026.7,21617.3
301,771639214.08,2247,12506.3,1221.9,16970.4
108,755499008.0,2200,27405.8,1442.7,22278.9
74,730086768.64,2126,10327.3,2127.3,13223.7
22,699523399.68,2037,15469.7,2292.5,8603.3
121,689907957.76,2009,36670.0,1219.7,15298.0
211,649385738.24,1891,32371.8,2088.5,19545.8
290,646638469.12,1883,10726.0,2038.1,17255.4
337,644921425.92,1878,33973.9,1364.3,11103.9
420,643204382.72,1873,12822.4,2275.8,20710.0
122,629811445.76,1834,42703.1,2124.2,28226.1
393,627064176.64,1826,32259.5,1922.5,20707.6
6,618478960.64,1801,4975.0,1126.1,11720.2
139,614358056.96,1789,30735.9,2086.1,6249.6
299,610923970.56,1779,30465.7,2255.5,22226.1
218,600965120.0,1750,35582.9,1446.1,11032.2
237,600965120.0,1750,34428.4,3085.4,14853.1
95,597187624.96,1739,31346.2,1421.6,7083.6
310,596500807.68,1737,13775.0,2182.8,8280.4
349,588259000.32,1713,33542.6,2471.2,8418.4
320,559069265.92,1628,35914.0,2233.8,13982.3
343,554948362.24,1616,45310.4,1900.9,27937.5
327,553574727.68,1612,20206.6,5254.7,15502.6
92,552887910.4,1610,15013.4,2189.3,7662.3
201,551170867.2,1605,3410.3,1305.7,17410.4
42,550484049.92,1603,4110.1,1063.9,9685.4
150,541212016.64,1576,10304.3,1505.5,13051.0
416,530566348.8,1545,37757.9,1260.6,14781.5
120,527475671.04,1536,45066.5,2503.8,29671.3
45,523354767.36,1524,18398.3,1106.2,20140.2
59,501376614.4,1460,16301.2,1916.4,6498.1
278,501376614.4,1460,28077.6,2230.0,6282.9
110,473903923.2,1380,37531.4,1673.5,11120.1
384,472873697.28,1377,4411.8,667.5,15238.9
397,472530288.64,1376,16162.6,1143.5,18712.8
271,449865318.4,1310,11561.3,2463.7,13884.5
114,446087823.36,1299,1756.6,3141.5,29001.9
129,437159198.72,1273,46659.0,1984.2,28260.4
330,436472381.44,1271,8833.8,785.1,13509.2
360,435785564.16,1269,12084.8,1533.4,12907.0
182,422049218.56,1229,40010.3,1699.1,26092.1
1,418271723.52,1218,35428.5,2634.6,10707.4
294,418271723.52,1218,24098.8,1770.5,5283.9
190,415524454.4,1210,34420.6,1127.7,20493.3
260,412090368.0,1200,36267.4,2635.9,13075.0
147,407626055.68,1187,25484.1,3284.4,6643.8
314,384617676.8,1120,45710.9,3355.9,31952.2
151,377749504.0,1100,31304.0,893.8,19555.3
407,377749504.0,1100,34172.9,1937.4,16428.6
64,376719278.08,1097,12016.8,1720.7,8198.0
235,371224739.84,1081,39792.7,2321.0,31393.0
44,369164288.0,1075,6606.0,995.2,16272.4
292,365730201.6,1065,44859.7,2873.7,29403.5
118,365386792.96,1064,31047.9,4533.3,14408.2
57,362982932.48,1057,27393.1,2171.7,23516.1
96,360235663.36,1049,34942.8,1787.7,1588.9
32,358518620.16,1044,12831.3,967.6,11397.5
192,344095457.28,1002,44749.4,2087.7,32089.0
272,341348188.16,994,26493.0,1914.5,3195.3
152,337914101.76,984,10943.1,988.2,13474.0
321,337227284.48,982,40532.9,1764.7,32191.9
268,325207982.08,947,4881.5,1150.8,12887.8
7,323834347.52,943,15948.4,2324.0,22768.3
48,323834347.52,943,10800.8,1974.2,15327.3
184,323490938.88,942,45400.2,2135.1,28072.4
185,320743669.76,934,7953.0,2180.3,12897.7
267,317996400.64,926,23298.0,1097.6,10979.9
399,317652992.0,925,33781.2,2777.7,16655.7
276,316622766.08,922,16267.0,807.9,15921.3
291,315935948.8,920,40322.2,2205.4,29038.4
173,314562314.24,916,39651.6,1684.0,12504.1
322,313188679.68,912,18428.0,4227.9,9153.4
417,311128227.84,906,35001.5,2424.7,16375.5
352,308380958.72,898,22341.3,2921.7,6634.7
311,306320506.88,892,13967.1,1587.2,10921.5
413,305290280.96,889,46255.0,3635.0,31089.3
242,304603463.68,887,36696.1,2064.3,13027.9
373,303916646.4,885,35453.2,2763.8,11747.4
143,302543011.84,881,16796.5,1702.8,7431.4
289,301512785.92,878,46334.6,1973.7,839.0
367,301169377.28,877,42605.7,1746.5,26731.0
34,300825968.64,876,21725.6,1298.6,20678.0
208,299795742.72,873,47076.2,2535.2,487.8
365,295674839.04,861,20014.7,1693.6,7469.0
63,288119848.96,839,24692.0,2229.9,5765.0
68,288119848.96,839,33679.4,2521.7,17440.8
336,282968719.36,824,34493.9,2261.9,17914.5
36,282625310.72,823,42566.1,2323.3,28919.0
374,281938493.44,821,27697.4,1511.5,6915.3
273,280908267.52,818,30540.6,1603.6,7745.8
87,274726912.0,800,26989.9,897.5,17031.8
186,273696686.08,797,35273.8,1236.9,17017.9
259,273353277.44,796,35469.4,2330.1,17131.7
258,273009868.8,795,30343.9,3558.9,8041.1
388,270262599.68,787,40323.2,2079.1,12535.2
119,267515330.56,779,27137.2,2310.7,22852.9
295,266828513.28,777,751.9,736.4,12372.3
307,266485104.64,776,44341.2,1807.8,26681.8
5,262020792.32,763,25664.9,5127.6,16544.2
37,262020792.32,763,42644.5,2607.6,29235.5
228,260647157.76,759,43344.8,1884.2,28527.6
368,258243297.28,752,31992.1,3261.9,18035.4
362,257556480.0,750,25976.4,2735.8,5990.6
3,253778984.96,739,19206.3,1620.6,1887.8
16,252405350.4,735,15221.9,2769.5,8365.4
206,249314672.64,726,31222.2,2595.9,20085.3
38,248627855.36,724,20856.2,2487.0,6552.8
280,248627855.36,724,9166.5,1796.9,20526.6
100,245880586.24,716,32937.8,2353.8,19247.9
356,245880586.24,716,47062.9,1697.7,26485.6
26,245537177.6,715,42929.1,1468.1,6067.9
229,239699230.72,698,33909.1,1209.1,19940.6
309,235234918.4,685,25412.2,2199.5,7523.9
404,232487649.28,677,26351.8,1159.8,11536.0
90,231800832.0,675,42942.2,2916.8,30385.4
117,226649702.4,660,41673.1,2081.0,29737.5
142,225962885.12,658,10557.0,926.5,17845.2
172,225962885.12,658,43958.0,3294.8,32424.6
359,225619476.48,657,27399.3,5390.1,13483.6
205,224932659.2,655,20824.5,1089.1,9246.2
65,222872207.36,649,45777.3,2541.4,2334.8
251,222872207.36,649,45000.5,2670.5,28578.6
146,220124938.24,641,27869.8,1572.2,8115.1
354,219781529.6,640,42889.9,2085.8,3514.6
221,217721077.76,634,5882.4,1617.8,11888.6
363,217721077.76,634,43983.1,2353.2,28361.7
89,216347443.2,630,36986.2,1169.4,11012.8
402,214973808.64,626,39679.5,1803.1,30551.6
353,213256765.44,621,45669.2,3106.6,371.4
40,212226539.52,618,19763.2,2886.6,7135.0
364,212226539.52,618,30882.0,1443.9,22226.0
4,210166087.68,612,35686.6,1992.1,10637.7
149,208792453.12,608,35912.3,1826.7,18046.6
232,205014958.08,597,33828.3,1770.4,5667.4
133,204671549.44,596,453.4,3147.7,28234.3
58,203297914.88,592,41455.7,2179.8,32110.6
324,203297914.88,592,16863.7,752.2,14966.2
316,196086333.44,571,30732.7,1878.0,7663.3
160,195742924.8,570,38309.6,1931.2,31185.9
244,194369290.24,566,15448.0,1876.6,10716.2
346,189904977.92,553,39100.3,2010.4,32530.3
224,188874752.0,550,43657.1,2744.8,461.9
348,188874752.0,550,8809.9,975.0,14753.5
328,188187934.72,548,38577.6,1129.4,23184.0
398,183723622.4,535,29169.7,725.6,11551.7
406,182693396.48,532,8496.8,1715.1,15857.6
270,179602718.72,523,11595.5,3049.6,14385.9
55,172734545.92,503,10298.0,1584.8,14212.3
165,170674094.08,497,23233.2,1573.3,14073.5
355,169643868.16,494,30412.6,2290.2,20268.5
226,168613642.24,491,9563.4,1984.5,21032.8
395,167583416.32,488,35041.8,2845.3,13099.6
161,166896599.04,486,17601.0,2825.7,7666.7
207,166553190.4,485,35736.7,2384.8,11719.3
11,163119104.0,475,18839.5,1941.1,22234.7
342,162088878.08,472,36223.4,1614.8,13643.8
369,161402060.8,470,20888.3,927.6,13561.1
344,158311383.04,461,22080.4,5479.4,14489.2
300,157624565.76,459,33767.9,3526.7,12975.7
180,155907522.56,454,39765.8,2295.0,32955.4
216,155220705.28,452,6062.6,994.4,14510.4
71,154190479.36,449,7563.3,1442.3,14553.5
168,154190479.36,449,36219.6,1183.1,12875.6
394,153160253.44,446,9954.3,2772.0,15740.1
28,150756392.96,439,1758.1,1988.3,29475.7
293,149726167.04,436,42255.8,1894.2,32046.2
154,148352532.48,432,42919.8,1576.8,32469.5
225,148009123.84,431,36013.4,1887.9,14830.0
249,144918446.08,422,19121.4,787.8,12306.6
86,142171176.96,414,44862.9,2344.7,441.7
199,140797542.4,410,18282.2,2434.5,6925.6
387,140454133.76,409,15508.6,3033.5,10011.8
358,139767316.48,407,33866.2,2192.6,18497.7
405,139080499.2,405,44188.9,2893.7,32500.7
181,137706864.64,401,34148.5,1814.0,19767.6
158,137363456.0,400,45186.2,2347.8,30230.3
255,137020047.36,399,44075.2,2983.1,31777.3
283,136333230.08,397,44669.4,3523.9,319.1
29,135646412.8,395,14849.3,2295.6,9499.2
375,135646412.8,395,32014.9,1477.0,19587.0
389,134616186.88,392,7923.2,1409.4,15354.9
421,133242552.32,388,43474.1,3090.9,30927.6
157,132555735.04,386,41441.5,2683.5,29817.5
17,130151874.56,379,44946.9,2482.9,28931.4
210,129465057.28,377,37308.0,2080.0,13980.3
361,128778240.0,375,23934.8,5480.9,14920.8
323,128091422.72,373,34861.4,765.2,13550.4
254,126717788.16,369,23284.0,2532.1,5832.4
46,126374379.52,368,18561.8,1765.8,5154.5
319,123627110.4,360,30708.4,705.2,12232.4
93,122940293.12,358,43603.3,2308.6,27892.9
31,120536432.64,351,42174.3,2129.6,31385.9
238,119162798.08,347,21730.8,1412.5,16370.9
88,118819389.44,346,28873.1,928.4,9768.4
171,118819389.44,346,8504.8,986.5,13693.3
66,116415528.96,339,41935.5,2925.1,31384.1
39,116072120.32,338,43534.7,2743.9,29004.0
231,114011668.48,332,46350.2,3770.3,32199.5
56,112981442.56,329,21380.3,1114.1,7947.3
162,112981442.56,329,45189.9,1438.4,7430.2
230,112981442.56,329,40200.4,1152.2,11450.7
217,110920990.72,323,41638.1,1636.7,33115.9
191,110577582.08,322,17576.7,912.9,20566.3
197,110577582.08,322,16617.7,1005.3,11972.2
246,108173721.6,315,38851.6,1772.4,513.6
79,107830312.96,314,39683.3,1704.8,1770.3
85,107486904.32,313,34784.2,1201.8,6570.8
23,106456678.4,310,14881.5,821.9,16039.2
136,106456678.4,310,8304.6,2499.6,14476.0
78,103022592.0,300,22679.8,5489.2,10822.0
252,102679183.36,299,27736.0,1466.0,23324.1
33,100962140.16,294,29646.5,1258.6,8790.6
124,100618731.52,293,42087.4,1905.4,28457.3
125,99588505.6,290,45706.4,1955.5,1760.0
25,98558279.68,287,33867.5,1349.7,8494.3
335,98558279.68,287,2785.1,763.2,19787.9
135,98214871.04,286,9411.4,730.0,16930.4
204,97528053.76,284,30611.0,932.8,17982.2
305,97528053.76,284,29724.0,4990.2,13758.4
390,97184645.12,283,47148.5,1198.1,9023.5
170,96497827.84,281,27523.8,2436.7,7625.8
297,96497827.84,281,31798.6,1267.4,9690.1
19,96154419.2,280,27466.6,900.9,19179.4
51,96154419.2,280,12047.8,1377.2,11077.1
410,96154419.2,280,12993.4,1071.8,15025.4
284,95811010.56,279,34827.0,827.8,14586.3
347,95811010.56,279,10853.3,1590.5,31992.9
241,95124193.28,277,21796.9,4934.4,9063.5
219,94093967.36,274,42891.8,2170.5,298.2
72,92720332.8,270,36185.5,2592.1,9616.0
215,92720332.8,270,515.5,1383.5,1544.4
331,92376924.16,269,29840.9,4640.4,15766.0
27,91690106.88,267,15575.5,4512.2,14083.3
13,91346698.24,266,9144.7,785.0,13788.1
304,91346698.24,266,44941.4,1677.4,4719.5
378,90659880.96,264,34024.4,2237.8,19012.5
156,90316472.32,263,25787.7,3629.3,20435.1
372,90316472.32,263,29142.2,2188.5,20008.5
54,89973063.68,262,43882.0,2069.2,610.2
286,89286246.4,260,9998.5,1015.8,14946.4
220,88256020.48,257,10794.7,1920.1,12157.0
175,87912611.84,256,41386.5,1285.2,7045.8
188,87912611.84,256,34071.5,1430.0,17948.3
326,87912611.84,256,16957.8,2216.5,7110.0
83,85165342.72,248,45298.9,997.0,23825.9
155,85165342.72,248,15910.5,3541.0,9629.5
279,84821934.08,247,43908.3,3465.0,319.7
400,84821934.08,247,42313.8,1523.5,8376.8
243,84135116.8,245,14446.2,1344.2,13299.0
198,83104890.88,242,40514.0,1606.5,12729.6
73,82761482.24,241,25465.4,1470.1,22492.4
386,82418073.6,240,12306.5,1834.5,17073.8
20,81731256.32,238,27837.5,2790.1,6793.0
193,80701030.4,235,13896.2,725.6,14362.0
130,80357621.76,234,28925.2,2153.2,31644.1
227,80357621.76,234,32545.0,923.5,20553.9
239,80014213.12,233,29685.1,2189.5,23523.5
281,77610352.64,226,20619.6,1564.3,1944.2
82,77266944.0,225,42150.2,2643.8,31625.0
107,76236718.08,222,8593.0,2349.9,30542.0
377,75206492.16,219,45901.1,1873.1,3583.2
174,74176266.24,216,39892.8,1762.1,1277.9
371,73146040.32,213,23975.6,946.7,17147.0
313,72802631.68,212,47698.2,1877.5,1040.6
167,72459223.04,211,33662.8,1455.6,18699.5
60,72115814.4,210,32991.5,2302.3,18328.0
256,72115814.4,210,14792.7,1509.6,10188.3
12,71428997.12,208,15906.3,990.6,16254.7
222,70398771.2,205,39478.0,2266.6,31142.3
18,69025136.64,201,40741.6,2415.8,322.1
223,65247641.6,190,32728.6,2086.1,27250.7
98,64904232.96,189,33217.9,1158.3,10249.1
419,63874007.04,186,14990.9,1459.7,9707.5
67,62843781.12,183,20085.8,2018.5,27039.0
248,62843781.12,183,21307.4,1169.8,17306.2
264,62500372.48,182,35875.6,1902.5,12087.8
312,62156963.84,181,7198.4,2755.8,14586.2
43,61813555.2,180,20942.7,1371.9,2293.2
132,61813555.2,180,46142.0,2710.2,1204.7
30,61470146.56,179,29945.9,1575.3,23662.0
104,60439920.64,176,31626.4,689.6,16955.0
329,60439920.64,176,22969.3,1170.0,8814.9
94,59409694.72,173,37101.2,2188.2,3593.5
128,59066286.08,172,41497.9,1173.8,8768.4
111,58379468.8,170,16697.1,938.0,15654.3
179,58379468.8,170,23801.9,5375.5,15760.3
296,58036060.16,169,25683.0,5457.1,13772.7
35,57349242.88,167,16768.9,689.9,17575.4
41,56662425.6,165,12280.8,3575.2,10919.2
298,56662425.6,165,41998.9,3038.8,235.9
282,55975608.32,163,25184.0,1619.8,7787.0
50,55632199.68,162,12156.4,3031.3,17966.6
123,54258565.12,158,34814.4,2587.6,19353.3
392,53915156.48,157,23386.3,3867.6,20571.6
195,53571747.84,156,44074.7,1803.5,29299.5
285,53571747.84,156,32599.8,985.1,18310.0
370,53228339.2,155,34165.1,1764.2,27555.6
318,52884930.56,154,46733.8,808.0,11035.4
163,52541521.92,153,42799.2,2761.5,2393.9
381,52541521.92,153,47485.0,2260.0,973.0
80,51854704.64,151,28396.0,4685.0,18514.6
115,51854704.64,151,11264.8,2349.3,32624.7
418,51854704.64,151,47649.0,2339.9,1730.0
145,51511296.0,150,15389.6,3838.4,10388.0
194,51167887.36,149,44084.3,2410.9,32902.9
212,51167887.36,149,12490.2,622.3,18007.5
153,50824478.72,148,46799.3,1990.6,2246.9
391,50824478.72,148,43631.7,1208.4,7235.9
412,50824478.72,148,47197.6,3826.3,221.1
144,49794252.8,145,46257.4,3601.2,264.8
101,49107435.52,143,47138.9,1849.7,510.1
383,48077209.6,140,34749.1,1942.7,28500.0
91,47733800.96,139,20111.7,767.6,13267.9
178,47046983.68,137,211.7,592.0,15849.6
308,46703575.04,136,46077.1,878.9,9898.5
340,46360166.4,135,3938.3,1372.1,1776.3
24,46016757.76,134,28880.6,2761.0,20807.2
75,46016757.76,134,30986.9,1845.9,7436.0
414,46016757.76,134,42768.1,2252.8,31437.4
183,45673349.12,133,21654.3,1068.9,18098.3
14,45329940.48,132,25864.2,1260.1,17599.3
81,44986531.84,131,6250.7,1546.9,31276.4
52,44643123.2,130,3214.2,1206.6,15160.8
261,43612897.28,127,42506.9,1799.3,33092.7
70,43269488.64,126,30620.5,3519.0,18765.6
250,43269488.64,126,26302.0,1145.9,16004.8
376,43269488.64,126,27832.4,2496.5,21701.3
306,42582671.36,124,44815.0,1217.6,6937.2
177,42239262.72,123,45497.6,3066.1,29848.9
408,41552445.44,121,12983.9,1363.4,12677.7
409,41209036.8,120,14054.0,1817.7,10618.5
131,40865628.16,119,18317.3,1620.3,22883.2
262,40865628.16,119,38195.0,1837.6,3175.9
332,40865628.16,119,12722.4,1212.1,14266.0
134,39835402.24,116,15579.2,1024.2,13062.7
77,39491993.6,115,12253.4,1894.9,12728.3
350,38118359.04,111,32436.5,2402.6,8386.3
62,37431541.76,109,14459.9,1778.0,9424.8
257,37088133.12,108,16086.3,3685.7,20823.9
317,35371089.92,103,18974.0,3432.6,7519.0
315,34684272.64,101,14633.4,1119.3,17463.9
69,34340864.0,100,45973.0,1144.9,10825.3
274,34340864.0,100,14913.8,961.2,20155.9
287,34340864.0,100,24258.5,681.5,13582.0
102,33997455.36,99,23721.0,1121.2,12345.1
126,33997455.36,99,22903.9,1386.3,16467.7
265,32967229.44,96,40981.3,1920.7,252.4
105,32623820.8,95,24246.3,990.0,12349.7
202,32623820.8,95,33861.7,1448.1,9944.8
266,32280412.16,94,36847.0,1777.7,28905.2
141,31593594.88,92,12853.0,4121.8,13794.5
164,31593594.88,92,41125.7,1117.3,7499.2
357,31593594.88,92,32917.0,3893.0,16647.8
382,31593594.88,92,46338.9,4121.1,32540.1
53,31250186.24,91,15221.9,1009.0,16571.4
112,31250186.24,91,33073.7,1900.1,27032.1
334,30906777.6,90,3872.8,3407.8,29347.9
103,30563368.96,89,25961.5,1556.7,7622.6
209,29876551.68,87,15657.0,779.6,17590.8
2,29533143.04,86,33289.2,1662.0,3017.6
338,29533143.04,86,265.9,2127.1,29080.1
411,29189734.4,85,31451.7,4510.8,9628.6
403,28846325.76,84,4555.0,4626.6,29867.4
245,28502917.12,83,8478.8,3140.6,14115.3
84,28159508.48,82,45419.3,2599.4,31994.6
275,28159508.48,82,44320.3,619.3,17663.1
379,28159508.48,82,47340.0,3000.5,1061.7
127,27816099.84,81,46452.9,1877.3,2050.4
187,27816099.84,81,47247.8,1435.6,2064.9
302,27816099.84,81,47142.7,1836.2,1782.3
15,27472691.2,80,21345.2,758.8,17492.7
106,27472691.2,80,23135.6,780.4,15282.5
396,27472691.2,80,32482.0,2758.8,7690.7
8,26785873.92,78,16991.6,1087.6,11362.0
97,26785873.92,78,43922.5,936.7,14460.9
345,26785873.92,78,22985.5,974.4,15704.5
415,26785873.92,78,35184.1,3518.8,11607.1
140,26099056.64,76,21022.8,5416.9,12586.6
196,25755648.0,75,47745.8,577.0,12475.6
269,25068830.72,73,26227.0,976.0,13149.3
9,24725422.08,72,20517.1,1038.9,12918.1
236,24725422.08,72,43180.2,1159.8,21083.1
234,24038604.8,70,3565.5,3362.6,30050.4
333,23695196.16,69,24001.2,3142.8,21307.9
